home_matches_before,away_matches_before,matches_before_diff,home_win_rate_before,away_win_rate_before,win_rate_diff,home_draw_rate_before,away_draw_rate_before,draw_rate_diff,home_avg_goals_for_before,away_avg_goals_for_before,avg_goals_for_diff,home_avg_goals_against_before,away_avg_goals_against_before,avg_goals_against_diff,home_goal_diff_per_match_before,away_goal_diff_per_match_before,goal_diff_per_match_diff,is_neutral,is_world_cup,is_friendly,is_qualifier,is_nations_league,is_continental_cup,home_fifa_rank,away_fifa_rank,fifa_rank_advantage,rank_gap_abs,home_rank_strength,away_rank_strength,rank_strength_diff,home_is_top10,away_is_top10,top10_diff,home_is_top25,away_is_top25,top25_diff,home_fifa_total_points,away_fifa_total_points,fifa_points_diff,attack_form_diff,form_score_diff,match_order,group,match_date,home_team,away_team,home_team_clean,away_team_clean,home_win_prob,draw_prob,away_win_prob
12,12,0,0.5,0.4166666666666667,0.08333333333333331,0.3333333333333333,0.3333333333333333,0.0,1.4166666666666667,1.3333333333333333,0.08333333333333348,0.75,0.9166666666666666,-0.16666666666666663,0.6666666666666666,0.4166666666666667,0.24999999999999994,1,1,0,0,0,0,9.0,40.0,31.0,31.0,0.1111111111111111,0.025,0.08611111111111111,1,0,1,1,0,1,989.44,427.68,561.76,0.2500000000000001,0.10833333333333331,1,A,2026-06-11,Mexico,South Africa,mexico,south africa,0.5956206477851361,0.246274376848658,0.15810497536620594
12,12,0,0.6666666666666666,0.5,0.16666666666666663,0.08333333333333333,0.3333333333333333,-0.25,1.75,2.0833333333333335,-0.3333333333333335,1.0,1.1666666666666667,-0.16666666666666674,0.75,0.9166666666666666,-0.16666666666666663,1,1,0,0,0,0,15.0,29.0,14.0,14.0,0.06666666666666667,0.034482758620689655,0.03218390804597701,0,0,0,1,0,1,543.67,640.7,-97.03000000000009,-0.16666666666666674,0.0,2,A,2026-06-11,South Korea,Czechia,south korea,czechia,0.4771646642239679,0.21277564202103422,0.3100596937549979
12,12,0,0.6666666666666666,0.5,0.16666666666666663,0.08333333333333333,0.3333333333333333,-0.25,1.75,1.4166666666666667,0.33333333333333326,1.0,0.75,0.25,0.75,0.6666666666666666,0.08333333333333337,1,1,0,0,0,0,15.0,9.0,-6.0,6.0,0.06666666666666667,0.1111111111111111,-0.04444444444444444,0,1,-1,1,1,0,543.67,989.44,-445.7700000000001,0.08333333333333326,0.0625,3,A,2026-06-18,South Korea,Mexico,south korea,mexico,0.36230382923279203,0.2822952303560826,0.3554009404111254
12,12,0,0.5,0.4166666666666667,0.08333333333333331,0.3333333333333333,0.3333333333333333,0.0,2.0833333333333335,1.3333333333333333,0.7500000000000002,1.1666666666666667,0.9166666666666666,0.2500000000000001,0.9166666666666666,0.4166666666666667,0.49999999999999994,1,1,0,0,0,0,29.0,40.0,11.0,11.0,0.034482758620689655,0.025,0.009482758620689653,0,0,0,0,0,0,640.7,427.68,213.02000000000004,0.5000000000000001,0.1708333333333333,4,A,2026-06-18,Czechia,South Africa,czechia,south africa,0.5106198605861935,0.23230966574015635,0.2570704736736501
12,12,0,0.5,0.5,0.0,0.3333333333333333,0.3333333333333333,0.0,2.0833333333333335,1.4166666666666667,0.6666666666666667,1.1666666666666667,0.75,0.41666666666666674,0.9166666666666666,0.6666666666666666,0.25,1,1,0,0,0,0,29.0,9.0,-20.0,20.0,0.034482758620689655,0.1111111111111111,-0.07662835249042145,0,1,-1,0,1,-1,640.7,989.44,-348.74,0.25,0.0625,5,A,2026-06-24,Czechia,Mexico,czechia,mexico,0.3388273454004565,0.26178803962949687,0.3993846149700467
12,12,0,0.4166666666666667,0.6666666666666666,-0.24999999999999994,0.3333333333333333,0.08333333333333333,0.25,1.3333333333333333,1.75,-0.41666666666666674,0.9166666666666666,1.0,-0.08333333333333337,0.4166666666666667,0.75,-0.3333333333333333,1,1,0,0,0,0,40.0,15.0,-25.0,25.0,0.025,0.06666666666666667,-0.041666666666666664,0,0,0,0,1,-1,427.68,543.67,-115.98999999999995,-0.33333333333333337,-0.1708333333333333,6,A,2026-06-24,South Africa,South Korea,south africa,south korea,0.29837871790524007,0.2609922150263505,0.4406290670684094
12,12,0,0.4166666666666667,0.3333333333333333,0.08333333333333337,0.5,0.5,0.0,1.1666666666666667,1.8333333333333333,-0.6666666666666665,0.4166666666666667,1.0,-0.5833333333333333,0.75,0.8333333333333334,-0.08333333333333337,1,1,0,0,0,0,39.0,30.0,-9.0,9.0,0.02564102564102564,0.03333333333333333,-0.007692307692307693,0,0,0,0,0,0,410.93,692.93,-281.99999999999994,-0.08333333333333326,0.025000000000000015,7,B,2026-06-12,Canada,Bosnia and Herzegovina,canada,bosnia and herzegovina,0.36729406314079144,0.2579402112192082,0.37476572564000044
12,12,0,0.08333333333333333,0.5833333333333334,-0.5,0.4166666666666667,0.3333333333333333,0.08333333333333337,0.75,2.5,-1.75,1.6666666666666667,0.8333333333333334,0.8333333333333334,-0.9166666666666666,1.6666666666666667,-2.5833333333333335,1,1,0,0,0,0,44.0,20.0,-24.0,24.0,0.022727272727272728,0.05,-0.027272727272727275,0,0,0,0,1,-1,347.59,1198.72,-851.1300000000001,-2.5833333333333335,-0.9041666666666668,8,B,2026-06-13,Qatar,Switzerland,qatar,switzerland,0.16122163493449834,0.17599168353953631,0.6627866815259654
12,12,0,0.5833333333333334,0.3333333333333333,0.25000000000000006,0.3333333333333333,0.5,-0.16666666666666669,2.5,1.8333333333333333,0.6666666666666667,0.8333333333333334,1.0,-0.16666666666666663,1.6666666666666667,0.8333333333333334,0.8333333333333334,1,1,0,0,0,0,20.0,30.0,10.0,10.0,0.05,0.03333333333333333,0.01666666666666667,0,0,0,1,0,1,1198.72,692.93,505.7900000000001,0.8333333333333334,0.31250000000000006,9,B,2026-06-18,Switzerland,Bosnia and Herzegovina,switzerland,bosnia and herzegovina,0.5841633847825529,0.20229182316817873,0.21354479204926838
12,12,0,0.4166666666666667,0.08333333333333333,0.33333333333333337,0.5,0.4166666666666667,0.08333333333333331,1.1666666666666667,0.75,0.41666666666666674,0.4166666666666667,1.6666666666666667,-1.25,0.75,-0.9166666666666666,1.6666666666666665,1,1,0,0,0,0,39.0,44.0,5.0,5.0,0.02564102564102564,0.022727272727272728,0.0029137529137529122,0,0,0,0,0,0,410.93,347.59,63.34000000000003,1.6666666666666667,0.6166666666666667,10,B,2026-06-19,Canada,Qatar,canada,qatar,0.5972050703689078,0.21884224789024156,0.18395268174085067
12,12,0,0.5833333333333334,0.4166666666666667,0.16666666666666669,0.3333333333333333,0.5,-0.16666666666666669,2.5,1.1666666666666667,1.3333333333333333,0.8333333333333334,0.4166666666666667,0.4166666666666667,1.6666666666666667,0.75,0.9166666666666667,1,1,0,0,0,0,20.0,39.0,19.0,19.0,0.05,0.02564102564102564,0.024358974358974363,0,0,0,1,0,1,1198.72,410.93,787.79,0.9166666666666665,0.28750000000000003,11,B,2026-06-24,Switzerland,Canada,switzerland,canada,0.5553914347044209,0.243458067427829,0.20115049786775013
12,12,0,0.3333333333333333,0.08333333333333333,0.25,0.5,0.4166666666666667,0.08333333333333331,1.8333333333333333,0.75,1.0833333333333333,1.0,1.6666666666666667,-0.6666666666666667,0.8333333333333334,-0.9166666666666666,1.75,1,1,0,0,0,0,30.0,44.0,14.0,14.0,0.03333333333333333,0.022727272727272728,0.010606060606060605,0,0,0,0,0,0,692.93,347.59,345.34,1.75,0.5916666666666667,12,B,2026-06-24,Bosnia and Herzegovina,Qatar,bosnia and herzegovina,qatar,0.6642279800055308,0.1904415948969157,0.1453304250975535
12,12,0,0.5833333333333334,0.75,-0.16666666666666663,0.16666666666666666,0.25,-0.08333333333333334,2.1666666666666665,2.25,-0.08333333333333348,0.9166666666666666,0.4166666666666667,0.49999999999999994,1.25,1.8333333333333333,-0.5833333333333333,1,1,0,0,0,0,5.0,13.0,8.0,8.0,0.2,0.07692307692307693,0.12307692307692308,1,0,1,1,1,0,1430.57,685.86,744.7099999999999,-0.5833333333333335,-0.25416666666666665,13,C,2026-06-13,Brazil,Morocco,brazil,morocco,0.42357664030855285,0.2671426176315727,0.3092807420598744
12,12,0,0.3333333333333333,0.5833333333333334,-0.25000000000000006,0.3333333333333333,0.08333333333333333,0.25,1.4166666666666667,2.1666666666666665,-0.7499999999999998,1.0833333333333333,1.0833333333333333,0.0,0.3333333333333333,1.0833333333333333,-0.75,1,1,0,0,0,0,45.0,37.0,-8.0,8.0,0.022222222222222223,0.02702702702702703,-0.0048048048048048055,0,0,0,0,0,0,321.93,659.61,-337.68,-0.7499999999999998,-0.275,14,C,2026-06-13,Haiti,Scotland,haiti,scotland,0.2783789570110379,0.28303581248822157,0.4385852305007405
12,12,0,0.5833333333333334,0.5833333333333334,0.0,0.16666666666666666,0.08333333333333333,0.08333333333333333,2.1666666666666665,2.1666666666666665,0.0,0.9166666666666666,1.0833333333333333,-0.16666666666666663,1.25,1.0833333333333333,0.16666666666666674,1,1,0,0,0,0,5.0,37.0,32.0,32.0,0.2,0.02702702702702703,0.17297297297297298,1,0,1,1,0,1,1430.57,659.61,770.9599999999999,0.16666666666666663,0.05833333333333335,15,C,2026-06-19,Brazil,Scotland,brazil,scotland,0.623018364379549,0.16709178167780808,0.2098898539426428
12,12,0,0.75,0.3333333333333333,0.4166666666666667,0.25,0.3333333333333333,-0.08333333333333331,2.25,1.4166666666666667,0.8333333333333333,0.4166666666666667,1.0833333333333333,-0.6666666666666665,1.8333333333333333,0.3333333333333333,1.5,1,1,0,0,0,0,13.0,45.0,32.0,32.0,0.07692307692307693,0.022222222222222223,0.0547008547008547,0,0,0,1,0,1,685.86,321.93,363.93,1.4999999999999998,0.5875,16,C,2026-06-19,Morocco,Haiti,morocco,haiti,0.7125578461406618,0.1915832071909381,0.09585894666840024
12,12,0,0.5833333333333334,0.5833333333333334,0.0,0.08333333333333333,0.16666666666666666,-0.08333333333333333,2.1666666666666665,2.1666666666666665,0.0,1.0833333333333333,0.9166666666666666,0.16666666666666663,1.0833333333333333,1.25,-0.16666666666666674,1,1,0,0,0,0,37.0,5.0,-32.0,32.0,0.02702702702702703,0.2,-0.17297297297297298,0,1,-1,0,1,-1,659.61,1430.57,-770.9599999999999,-0.16666666666666663,-0.05833333333333335,17,C,2026-06-24,Scotland,Brazil,scotland,brazil,0.25792206297412557,0.2434595670389062,0.4986183699869682
12,12,0,0.75,0.3333333333333333,0.4166666666666667,0.25,0.3333333333333333,-0.08333333333333331,2.25,1.4166666666666667,0.8333333333333333,0.4166666666666667,1.0833333333333333,-0.6666666666666665,1.8333333333333333,0.3333333333333333,1.5,1,1,0,0,0,0,13.0,45.0,32.0,32.0,0.07692307692307693,0.022222222222222223,0.0547008547008547,0,0,0,1,0,1,685.86,321.93,363.93,1.4999999999999998,0.5875,18,C,2026-06-24,Morocco,Haiti,morocco,haiti,0.7125578461406618,0.1915832071909381,0.09585894666840024
12,12,0,0.5,0.4166666666666667,0.08333333333333331,0.08333333333333333,0.25,-0.16666666666666669,1.75,1.3333333333333333,0.41666666666666674,1.6666666666666667,1.0,0.6666666666666667,0.08333333333333333,0.3333333333333333,-0.25,1,1,0,0,0,0,21.0,28.0,7.0,7.0,0.047619047619047616,0.03571428571428571,0.011904761904761904,0,0,0,1,0,1,872.68,773.18,99.5,-0.25,-0.05000000000000001,19,D,2026-06-12,USA,Paraguay,united states,paraguay,0.41440826572910955,0.22452413500259566,0.3610675992682948
12,12,0,0.5833333333333334,0.75,-0.16666666666666663,0.08333333333333333,0.08333333333333333,0.0,1.3333333333333333,2.25,-0.9166666666666667,0.9166666666666666,1.25,-0.33333333333333337,0.4166666666666667,1.0,-0.5833333333333333,1,1,0,0,0,0,35.0,17.0,-18.0,18.0,0.02857142857142857,0.058823529411764705,-0.030252100840336135,0,0,0,0,1,-1,718.33,706.39,11.940000000000055,-0.5833333333333334,-0.2375,20,D,2026-06-13,Australia,Türkiye,australia,turkey,0.3359955009697647,0.2568910886874197,0.40711341034281556
12,12,0,0.5,0.5833333333333334,-0.08333333333333337,0.08333333333333333,0.08333333333333333,0.0,1.75,1.3333333333333333,0.41666666666666674,1.6666666666666667,0.9166666666666666,0.7500000000000001,0.08333333333333333,0.4166666666666667,-0.33333333333333337,1,1,0,0,0,0,21.0,35.0,14.0,14.0,0.047619047619047616,0.02857142857142857,0.019047619047619046,0,0,0,1,0,1,872.68,718.33,154.3499999999999,-0.33333333333333337,-0.1291666666666667,21,D,2026-06-19,USA,Australia,united states,australia,0.4049690148066233,0.20808430437306807,0.38694668082030864
12,12,0,0.75,0.4166666666666667,0.3333333333333333,0.08333333333333333,0.25,-0.16666666666666669,2.25,1.3333333333333333,0.9166666666666667,1.25,1.0,0.25,1.0,0.3333333333333333,0.6666666666666667,1,1,0,0,0,0,17.0,28.0,11.0,11.0,0.058823529411764705,0.03571428571428571,0.023109243697478993,0,0,0,1,0,1,706.39,773.18,-66.78999999999996,0.6666666666666667,0.3166666666666667,22,D,2026-06-20,Türkiye,Paraguay,turkey,paraguay,0.5187779583579575,0.20855200435205473,0.2726700372899878
12,12,0,0.75,0.5,0.25,0.08333333333333333,0.08333333333333333,0.0,2.25,1.75,0.5,1.25,1.6666666666666667,-0.41666666666666674,1.0,0.08333333333333333,0.9166666666666666,1,1,0,0,0,0,17.0,21.0,4.0,4.0,0.058823529411764705,0.047619047619047616,0.011204481792717089,0,0,0,1,1,0,706.39,872.68,-166.28999999999996,0.9166666666666667,0.3666666666666667,23,D,2026-06-25,Türkiye,USA,turkey,united states,0.4902004136206274,0.22169296678292613,0.28810661959644646
12,12,0,0.4166666666666667,0.5833333333333334,-0.16666666666666669,0.25,0.08333333333333333,0.16666666666666669,1.3333333333333333,1.3333333333333333,0.0,1.0,0.9166666666666666,0.08333333333333337,0.3333333333333333,0.4166666666666667,-0.08333333333333337,1,1,0,0,0,0,28.0,35.0,7.0,7.0,0.03571428571428571,0.02857142857142857,0.007142857142857142,0,0,0,0,0,0,773.18,718.33,54.84999999999991,-0.08333333333333337,-0.07916666666666669,24,D,2026-06-25,Paraguay,Australia,paraguay,australia,0.4616978356614616,0.232198631717149,0.3061035326213894
12,12,0,0.75,0.3333333333333333,0.4166666666666667,0.0,0.3333333333333333,-0.3333333333333333,2.4166666666666665,1.75,0.6666666666666665,1.0,1.4166666666666667,-0.41666666666666674,1.4166666666666667,0.3333333333333333,1.0833333333333335,1,1,0,0,0,0,7.0,41.0,34.0,34.0,0.14285714285714285,0.024390243902439025,0.11846689895470383,1,0,1,1,0,1,1558.49,408.27,1150.22,1.0833333333333333,0.4333333333333334,25,E,2026-06-14,Germany,Curaçao,germany,curacao,0.6905509207258305,0.1864650002717899,0.12298407900237963
12,12,0,0.75,0.25,0.5,0.08333333333333333,0.75,-0.6666666666666666,2.4166666666666665,0.75,1.6666666666666665,0.6666666666666666,0.4166666666666667,0.24999999999999994,1.75,0.3333333333333333,1.4166666666666667,1,1,0,0,0,0,33.0,36.0,3.0,3.0,0.030303030303030304,0.027777777777777776,0.0025252525252525276,0,0,0,0,0,0,463.4,523.85,-60.450000000000045,1.4166666666666665,0.49583333333333335,26,E,2026-06-14,Ivory Coast,Ecuador,ivory coast,ecuador,0.4949779415920502,0.2757428619685738,0.22927919643937597
12,12,0,0.75,0.75,0.0,0.0,0.08333333333333333,-0.08333333333333333,2.4166666666666665,2.4166666666666665,0.0,1.0,0.6666666666666666,0.33333333333333337,1.4166666666666667,1.75,-0.33333333333333326,1,1,0,0,0,0,7.0,33.0,26.0,26.0,0.14285714285714285,0.030303030303030304,0.11255411255411255,1,0,1,1,0,1,1558.49,463.4,1095.0900000000001,-0.33333333333333337,-0.09999999999999998,27,E,2026-06-20,Germany,Ivory Coast,germany,ivory coast,0.5283074766940177,0.21947229869746349,0.2522202246085188
12,12,0,0.25,0.3333333333333333,-0.08333333333333331,0.75,0.3333333333333333,0.4166666666666667,0.75,1.75,-1.0,0.4166666666666667,1.4166666666666667,-1.0,0.3333333333333333,0.3333333333333333,0.0,1,1,0,0,0,0,36.0,41.0,5.0,5.0,0.027777777777777776,0.024390243902439025,0.003387533875338751,0,0,0,0,0,0,523.85,408.27,115.58000000000004,0.0,0.03750000000000001,28,E,2026-06-20,Ecuador,Curaçao,ecuador,curacao,0.47920894520948265,0.2432026877623553,0.27758836702816203
12,12,0,0.25,0.75,-0.5,0.75,0.0,0.75,0.75,2.4166666666666665,-1.6666666666666665,0.4166666666666667,1.0,-0.5833333333333333,0.3333333333333333,1.4166666666666667,-1.0833333333333335,1,1,0,0,0,0,36.0,7.0,-29.0,29.0,0.027777777777777776,0.14285714285714285,-0.11507936507936507,0,1,-1,0,1,-1,523.85,1558.49,-1034.6399999999999,-1.0833333333333333,-0.39583333333333337,29,E,2026-06-25,Ecuador,Germany,ecuador,germany,0.2646002282794888,0.2671816006116338,0.4682181711088774
12,12,0,0.3333333333333333,0.75,-0.4166666666666667,0.3333333333333333,0.08333333333333333,0.25,1.75,2.4166666666666665,-0.6666666666666665,1.4166666666666667,0.6666666666666666,0.7500000000000001,0.3333333333333333,1.75,-1.4166666666666667,1,1,0,0,0,0,41.0,33.0,-8.0,8.0,0.024390243902439025,0.030303030303030304,-0.005912786400591279,0,0,0,0,0,0,408.27,463.4,-55.129999999999995,-1.4166666666666665,-0.5333333333333334,30,E,2026-06-25,Curaçao,Ivory Coast,curacao,ivory coast,0.2825998964710291,0.241110334000815,0.4762897695281558
12,12,0,0.5833333333333334,0.5833333333333334,0.0,0.3333333333333333,0.25,0.08333333333333331,2.75,1.5833333333333333,1.1666666666666667,0.8333333333333334,0.5833333333333334,0.25,1.9166666666666667,1.0,0.9166666666666667,1,1,0,0,0,0,8.0,34.0,26.0,26.0,0.125,0.029411764705882353,0.09558823529411764,1,0,1,1,0,1,980.98,520.75,460.23,0.9166666666666667,0.24583333333333335,31,F,2026-06-14,Netherlands,Japan,netherlands,japan,0.6229019286411129,0.18234108168891952,0.1947569896699676
12,12,0,0.3333333333333333,0.25,0.08333333333333331,0.25,0.4166666666666667,-0.16666666666666669,1.5833333333333333,1.1666666666666667,0.4166666666666665,1.9166666666666667,1.3333333333333333,0.5833333333333335,-0.3333333333333333,-0.16666666666666666,-0.16666666666666666,1,1,0,0,0,0,25.0,22.0,-3.0,3.0,0.04,0.045454545454545456,-0.005454545454545455,0,0,0,1,1,0,879.9,909.91,-30.00999999999999,-0.16666666666666696,-0.029166666666666674,32,F,2026-06-14,Sweden,Tunisia,sweden,tunisia,0.4054095202060212,0.22197928143191265,0.37261119836206624
12,12,0,0.5833333333333334,0.3333333333333333,0.25000000000000006,0.3333333333333333,0.25,0.08333333333333331,2.75,1.5833333333333333,1.1666666666666667,0.8333333333333334,1.9166666666666667,-1.0833333333333335,1.9166666666666667,-0.3333333333333333,2.25,1,1,0,0,0,0,8.0,25.0,17.0,17.0,0.125,0.04,0.08499999999999999,1,0,1,1,1,0,980.98,879.9,101.08000000000004,2.25,0.7166666666666667,33,F,2026-06-20,Netherlands,Sweden,netherlands,sweden,0.6631909405965012,0.18519781167748944,0.15161124772600942
12,12,0,0.25,0.5833333333333334,-0.33333333333333337,0.4166666666666667,0.25,0.16666666666666669,1.1666666666666667,1.5833333333333333,-0.4166666666666665,1.3333333333333333,0.5833333333333334,0.7499999999999999,-0.16666666666666666,1.0,-1.1666666666666667,1,1,0,0,0,0,22.0,34.0,12.0,12.0,0.045454545454545456,0.029411764705882353,0.016042780748663103,0,0,0,1,0,1,909.91,520.75,389.15999999999997,-1.1666666666666665,-0.4416666666666667,34,F,2026-06-20,Tunisia,Japan,tunisia,japan,0.4779828588243292,0.22880240606785301,0.2932147351078178
12,12,0,0.5833333333333334,0.3333333333333333,0.25000000000000006,0.25,0.25,0.0,1.5833333333333333,1.5833333333333333,0.0,0.5833333333333334,1.9166666666666667,-1.3333333333333335,1.0,-0.3333333333333333,1.3333333333333333,1,1,0,0,0,0,34.0,25.0,-9.0,9.0,0.029411764705882353,0.04,-0.010588235294117648,0,0,0,0,1,-1,520.75,879.9,-359.15,1.3333333333333335,0.4708333333333333,35,F,2026-06-26,Japan,Sweden,japan,sweden,0.46212311459296995,0.23630293599778776,0.30157394940924237
12,12,0,0.25,0.5833333333333334,-0.33333333333333337,0.4166666666666667,0.3333333333333333,0.08333333333333337,1.1666666666666667,2.75,-1.5833333333333333,1.3333333333333333,0.8333333333333334,0.4999999999999999,-0.16666666666666666,1.9166666666666667,-2.0833333333333335,1,1,0,0,0,0,22.0,8.0,-14.0,14.0,0.045454545454545456,0.125,-0.07954545454545454,0,1,-1,1,1,0,909.91,980.98,-71.07000000000005,-2.083333333333333,-0.6875000000000001,36,F,2026-06-26,Tunisia,Netherlands,tunisia,netherlands,0.22963183438415546,0.21866475916155087,0.5517034064542936
12,12,0,0.6666666666666666,0.5,0.16666666666666663,0.3333333333333333,0.25,0.08333333333333331,3.5,1.25,2.25,0.8333333333333334,0.8333333333333334,0.0,2.6666666666666665,0.4166666666666667,2.25,1,1,0,0,0,0,10.0,24.0,14.0,14.0,0.1,0.041666666666666664,0.05833333333333334,1,0,1,1,1,0,1298.32,649.43,648.89,2.25,0.6708333333333333,37,G,2026-06-15,Belgium,Egypt,belgium,egypt,0.6600092188068891,0.15964398222566228,0.1803467989674486
12,12,0,0.5,0.16666666666666666,0.33333333333333337,0.25,0.08333333333333333,0.16666666666666669,1.75,0.75,1.0,0.6666666666666666,1.6666666666666667,-1.0,1.0833333333333333,-0.9166666666666666,2.0,1,1,0,0,0,0,12.0,47.0,35.0,35.0,0.08333333333333333,0.02127659574468085,0.062056737588652475,0,0,0,1,0,1,708.35,255.78,452.57000000000005,2.0,0.7166666666666668,38,G,2026-06-15,Iran,New Zealand,iran,new zealand,0.7987936739886862,0.13540526478264242,0.06580106122867149
12,12,0,0.6666666666666666,0.5,0.16666666666666663,0.3333333333333333,0.25,0.08333333333333331,3.5,1.75,1.75,0.8333333333333334,0.6666666666666666,0.16666666666666674,2.6666666666666665,1.0833333333333333,1.5833333333333333,1,1,0,0,0,0,10.0,12.0,2.0,2.0,0.1,0.08333333333333333,0.016666666666666677,1,0,1,1,1,0,1298.32,708.35,589.9699999999999,1.5833333333333333,0.5041666666666667,39,G,2026-06-21,Belgium,Iran,belgium,iran,0.5523437555913004,0.19276472920538174,0.25489151520331776
12,12,0,0.16666666666666666,0.5,-0.33333333333333337,0.08333333333333333,0.25,-0.16666666666666669,0.75,1.25,-0.5,1.6666666666666667,0.8333333333333334,0.8333333333333334,-0.9166666666666666,0.4166666666666667,-1.3333333333333333,1,1,0,0,0,0,47.0,24.0,-23.0,23.0,0.02127659574468085,0.041666666666666664,-0.020390070921985814,0,0,0,0,1,-1,255.78,649.43,-393.65,-1.3333333333333335,-0.55,40,G,2026-06-21,New Zealand,Egypt,new zealand,egypt,0.22050288912855281,0.18599804493242092,0.5934990659390263
12,12,0,0.5,0.5,0.0,0.25,0.25,0.0,1.25,1.75,-0.5,0.8333333333333334,0.6666666666666666,0.16666666666666674,0.4166666666666667,1.0833333333333333,-0.6666666666666665,1,1,0,0,0,0,24.0,12.0,-12.0,12.0,0.041666666666666664,0.08333333333333333,-0.041666666666666664,0,0,0,1,1,0,649.43,708.35,-58.92000000000007,-0.6666666666666667,-0.16666666666666663,41,G,2026-06-26,Egypt,Iran,egypt,iran,0.3214932591044804,0.27183670143445177,0.4066700394610679
12,12,0,0.16666666666666666,0.6666666666666666,-0.5,0.08333333333333333,0.3333333333333333,-0.25,0.75,3.5,-2.75,1.6666666666666667,0.8333333333333334,0.8333333333333334,-0.9166666666666666,2.6666666666666665,-3.583333333333333,1,1,0,0,0,0,47.0,10.0,-37.0,37.0,0.02127659574468085,0.1,-0.07872340425531915,0,1,-1,0,1,-1,255.78,1298.32,-1042.54,-3.5833333333333335,-1.2208333333333332,42,G,2026-06-26,New Zealand,Belgium,new zealand,belgium,0.10706338009445013,0.1415009010202964,0.7514357188852535
12,12,0,0.4166666666666667,0.3333333333333333,0.08333333333333337,0.08333333333333333,0.4166666666666667,-0.33333333333333337,1.0833333333333333,0.8333333333333334,0.2499999999999999,1.25,0.8333333333333334,0.41666666666666663,-0.16666666666666666,0.0,-0.16666666666666666,1,1,0,0,0,0,38.0,11.0,-27.0,27.0,0.02631578947368421,0.09090909090909091,-0.0645933014354067,0,0,0,0,1,-1,465.28,1018.41,-553.13,-0.16666666666666674,-0.062499999999999986,44,H,2026-06-15,Saudi Arabia,Uruguay,saudi arabia,uruguay,0.2812401643164737,0.29260876234376765,0.42615107333975866
12,12,0,0.5833333333333334,0.4166666666666667,0.16666666666666669,0.4166666666666667,0.08333333333333333,0.33333333333333337,2.9166666666666665,1.0833333333333333,1.8333333333333333,1.0,1.25,-0.25,1.9166666666666667,-0.16666666666666666,2.0833333333333335,1,1,0,0,0,0,3.0,38.0,35.0,35.0,0.3333333333333333,0.02631578947368421,0.3070175438596491,1,0,1,1,0,1,1125.5,465.28,660.22,2.083333333333333,0.6791666666666667,45,H,2026-06-21,Spain,Saudi Arabia,spain,saudi arabia,0.7462513289012304,0.14954566416881965,0.10420300692995005
12,12,0,0.3333333333333333,0.5833333333333334,-0.25000000000000006,0.4166666666666667,0.4166666666666667,0.0,0.8333333333333334,2.9166666666666665,-2.083333333333333,0.8333333333333334,1.0,-0.16666666666666663,0.0,1.9166666666666667,-1.9166666666666667,1,1,0,0,0,0,11.0,3.0,-8.0,8.0,0.09090909090909091,0.3333333333333333,-0.2424242424242424,0,1,-1,1,1,0,1018.41,1125.5,-107.09000000000003,-1.9166666666666665,-0.6166666666666667,48,H,2026-06-26,Uruguay,Spain,uruguay,spain,0.2420393397319859,0.27555628532575216,0.48240437494226196
12,12,0,0.75,0.6666666666666666,0.08333333333333337,0.08333333333333333,0.08333333333333333,0.0,2.5,2.25,0.25,1.0833333333333333,0.9166666666666666,0.16666666666666663,1.4166666666666667,1.3333333333333333,0.08333333333333348,1,1,0,0,0,0,2.0,18.0,16.0,16.0,0.5,0.05555555555555555,0.4444444444444444,1,0,1,1,1,0,1198.13,837.98,360.1500000000001,0.08333333333333337,0.06666666666666674,49,I,2026-06-16,France,Senegal,france,senegal,0.5057646149605513,0.2045030308823929,0.28973235415705584
12,12,0,0.5833333333333334,0.75,-0.16666666666666663,0.25,0.16666666666666666,0.08333333333333334,1.0833333333333333,3.1666666666666665,-2.083333333333333,0.6666666666666666,0.75,-0.08333333333333337,0.4166666666666667,2.4166666666666665,-1.9999999999999998,1,1,0,0,0,0,42.0,26.0,-16.0,16.0,0.023809523809523808,0.038461538461538464,-0.014652014652014655,0,0,0,0,0,0,376.7,595.99,-219.29000000000002,-1.9999999999999996,-0.575,50,I,2026-06-16,Iraq,Norway,iraq,norway,0.2733017397829493,0.21970202334163497,0.5069962368754157
12,12,0,0.75,0.5833333333333334,0.16666666666666663,0.08333333333333333,0.25,-0.16666666666666669,2.5,1.0833333333333333,1.4166666666666667,1.0833333333333333,0.6666666666666666,0.41666666666666663,1.4166666666666667,0.4166666666666667,1.0,1,1,0,0,0,0,2.0,42.0,40.0,40.0,0.5,0.023809523809523808,0.47619047619047616,1,0,1,1,0,1,1198.13,376.7,821.4300000000001,1.0,0.30833333333333335,51,I,2026-06-22,France,Iraq,france,iraq,0.6662792433705862,0.20897838282593195,0.12474237380348181
12,12,0,0.75,0.6666666666666666,0.08333333333333337,0.16666666666666666,0.08333333333333333,0.08333333333333333,3.1666666666666665,2.25,0.9166666666666665,0.75,0.9166666666666666,-0.16666666666666663,2.4166666666666665,1.3333333333333333,1.0833333333333333,1,1,0,0,0,0,26.0,18.0,-8.0,8.0,0.038461538461538464,0.05555555555555555,-0.01709401709401709,0,0,0,0,1,-1,595.99,837.98,-241.99,1.083333333333333,0.33333333333333337,52,I,2026-06-22,Norway,Senegal,norway,senegal,0.41833803500509137,0.2553246510509674,0.3263373139439413
12,12,0,0.75,0.75,0.0,0.16666666666666666,0.08333333333333333,0.08333333333333333,3.1666666666666665,2.5,0.6666666666666665,0.75,1.0833333333333333,-0.33333333333333326,2.4166666666666665,1.4166666666666667,0.9999999999999998,1,1,0,0,0,0,26.0,2.0,-24.0,24.0,0.038461538461538464,0.5,-0.46153846153846156,0,1,-1,0,1,-1,595.99,1198.13,-602.1400000000001,0.9999999999999998,0.2666666666666666,53,I,2026-06-26,Norway,France,norway,france,0.31467042446974,0.2506385395866708,0.43469103594358915
12,12,0,0.6666666666666666,0.5833333333333334,0.08333333333333326,0.08333333333333333,0.25,-0.16666666666666669,2.25,1.0833333333333333,1.1666666666666667,0.9166666666666666,0.6666666666666666,0.25,1.3333333333333333,0.4166666666666667,0.9166666666666665,1,1,0,0,0,0,18.0,42.0,24.0,24.0,0.05555555555555555,0.023809523809523808,0.031746031746031744,0,0,0,1,0,1,837.98,376.7,461.28000000000003,0.9166666666666667,0.24166666666666659,54,I,2026-06-26,Senegal,Iraq,senegal,iraq,0.623754643790728,0.22234953989938325,0.15389581630988877
12,12,0,0.8333333333333334,0.6666666666666666,0.16666666666666674,0.08333333333333333,0.25,-0.16666666666666669,2.3333333333333335,2.0,0.3333333333333335,0.3333333333333333,0.4166666666666667,-0.08333333333333337,2.0,1.5833333333333333,0.41666666666666674,1,1,0,0,0,0,4.0,19.0,15.0,15.0,0.25,0.05263157894736842,0.19736842105263158,1,0,1,1,1,0,1241.45,473.83,767.6200000000001,0.41666666666666685,0.16250000000000006,55,J,2026-06-16,Argentina,Algeria,argentina,algeria,0.5392918398226312,0.19356793933042427,0.26714022084694455
12,12,0,0.75,0.4166666666666667,0.3333333333333333,0.08333333333333333,0.16666666666666666,-0.08333333333333333,2.4166666666666665,1.9166666666666667,0.4999999999999998,0.5833333333333334,1.9166666666666667,-1.3333333333333335,1.8333333333333333,0.0,1.8333333333333333,1,1,0,0,0,0,23.0,46.0,23.0,23.0,0.043478260869565216,0.021739130434782608,0.021739130434782608,0,0,0,1,0,1,844.7,296.18,548.52,1.8333333333333333,0.625,56,J,2026-06-17,Austria,Jordan,austria,jordan,0.7163715917856179,0.1668349128274955,0.1167934953868866
12,12,0,0.8333333333333334,0.75,0.08333333333333337,0.08333333333333333,0.08333333333333333,0.0,2.3333333333333335,2.4166666666666665,-0.08333333333333304,0.3333333333333333,0.5833333333333334,-0.25000000000000006,2.0,1.8333333333333333,0.16666666666666674,1,1,0,0,0,0,4.0,23.0,19.0,19.0,0.25,0.043478260869565216,0.20652173913043478,1,0,1,1,1,0,1241.45,844.7,396.75,0.16666666666666702,0.08750000000000005,57,J,2026-06-22,Argentina,Austria,argentina,austria,0.5025401195910261,0.23146558911095713,0.26599429129801677
12,12,0,0.4166666666666667,0.6666666666666666,-0.24999999999999994,0.16666666666666666,0.25,-0.08333333333333334,1.9166666666666667,2.0,-0.08333333333333326,1.9166666666666667,0.4166666666666667,1.5,0.0,1.5833333333333333,-1.5833333333333333,1,1,0,0,0,0,46.0,19.0,-27.0,27.0,0.021739130434782608,0.05263157894736842,-0.03089244851258581,0,0,0,0,1,-1,296.18,473.83,-177.64999999999998,-1.5833333333333333,-0.5499999999999999,58,J,2026-06-23,Jordan,Algeria,jordan,algeria,0.190154185116606,0.2402240561177087,0.5696217587656853
12,12,0,0.6666666666666666,0.75,-0.08333333333333337,0.25,0.08333333333333333,0.16666666666666669,2.0,2.4166666666666665,-0.4166666666666665,0.4166666666666667,0.5833333333333334,-0.16666666666666669,1.5833333333333333,1.8333333333333333,-0.25,1,1,0,0,0,0,19.0,23.0,4.0,4.0,0.05263157894736842,0.043478260869565216,0.009153318077803202,0,0,0,1,1,0,473.83,844.7,-370.87000000000006,-0.24999999999999983,-0.07500000000000001,59,J,2026-06-27,Algeria,Austria,algeria,austria,0.4452103744248731,0.21954047089726583,0.33524915467786104
12,12,0,0.4166666666666667,0.8333333333333334,-0.4166666666666667,0.16666666666666666,0.08333333333333333,0.08333333333333333,1.9166666666666667,2.3333333333333335,-0.41666666666666674,1.9166666666666667,0.3333333333333333,1.5833333333333335,0.0,2.0,-2.0,1,1,0,0,0,0,46.0,4.0,-42.0,42.0,0.021739130434782608,0.25,-0.2282608695652174,0,1,-1,0,1,-1,296.18,1241.45,-945.27,-2.0,-0.7125,60,J,2026-06-27,Jordan,Argentina,jordan,argentina,0.17769177793732288,0.18586368010169962,0.6364445419609774
12,12,0,0.6666666666666666,0.5833333333333334,0.08333333333333326,0.25,0.25,0.0,2.75,1.1666666666666667,1.5833333333333333,1.0833333333333333,0.5,0.5833333333333333,1.6666666666666667,0.6666666666666666,1.0,1,1,0,0,0,0,6.0,27.0,21.0,21.0,0.16666666666666666,0.037037037037037035,0.12962962962962962,1,0,1,1,0,1,1273.69,705.87,567.82,1.0,0.2958333333333333,61,K,2026-06-17,Portugal,DR Congo,portugal,dr congo,0.6154780113509637,0.2011964639850616,0.1833255246639748
12,12,0,0.4166666666666667,0.5,-0.08333333333333331,0.4166666666666667,0.3333333333333333,0.08333333333333337,1.3333333333333333,2.1666666666666665,-0.8333333333333333,0.75,1.0833333333333333,-0.33333333333333326,0.5833333333333334,1.0833333333333333,-0.4999999999999999,1,1,0,0,0,0,43.0,14.0,-29.0,29.0,0.023255813953488372,0.07142857142857142,-0.04817275747508305,0,0,0,0,1,-1,353.91,985.97,-632.06,-0.5,-0.15416666666666662,62,K,2026-06-17,Uzbekistan,Colombia,uzbekistan,colombia,0.2536569388501138,0.26207232183254575,0.48427073931734044
12,12,0,0.6666666666666666,0.4166666666666667,0.24999999999999994,0.25,0.4166666666666667,-0.16666666666666669,2.75,1.3333333333333333,1.4166666666666667,1.0833333333333333,0.75,0.33333333333333326,1.6666666666666667,0.5833333333333334,1.0833333333333335,1,1,0,0,0,0,6.0,43.0,37.0,37.0,0.16666666666666666,0.023255813953488372,0.14341085271317827,1,0,1,1,0,1,1273.69,353.91,919.78,1.0833333333333335,0.375,63,K,2026-06-23,Portugal,Uzbekistan,portugal,uzbekistan,0.6557237394748107,0.2173215293083266,0.1269547312168628
12,12,0,0.5,0.5833333333333334,-0.08333333333333337,0.3333333333333333,0.25,0.08333333333333331,2.1666666666666665,1.1666666666666667,0.9999999999999998,1.0833333333333333,0.5,0.5833333333333333,1.0833333333333333,0.6666666666666666,0.41666666666666663,1,1,0,0,0,0,14.0,27.0,13.0,13.0,0.07142857142857142,0.037037037037037035,0.03439153439153439,0,0,0,1,0,1,985.97,705.87,280.1,0.4166666666666665,0.07499999999999996,64,K,2026-06-23,Colombia,DR Congo,colombia,dr congo,0.5254736140569567,0.22589233316153573,0.2486340527815076
12,12,0,0.5,0.6666666666666666,-0.16666666666666663,0.3333333333333333,0.25,0.08333333333333331,2.1666666666666665,2.75,-0.5833333333333335,1.0833333333333333,1.0833333333333333,0.0,1.0833333333333333,1.6666666666666667,-0.5833333333333335,1,1,0,0,0,0,14.0,6.0,-8.0,8.0,0.07142857142857142,0.16666666666666666,-0.09523809523809523,0,1,-1,1,1,0,985.97,1273.69,-287.72,-0.5833333333333335,-0.22083333333333338,65,K,2026-06-27,Colombia,Portugal,colombia,portugal,0.3037101022783682,0.32619173433128135,0.3700981633903505
12,12,0,0.5833333333333334,0.4166666666666667,0.16666666666666669,0.25,0.4166666666666667,-0.16666666666666669,1.1666666666666667,1.3333333333333333,-0.16666666666666652,0.5,0.75,-0.25,0.6666666666666666,0.5833333333333334,0.08333333333333326,1,1,0,0,0,0,27.0,43.0,16.0,16.0,0.037037037037037035,0.023255813953488372,0.013781223083548663,0,0,0,0,0,0,705.87,353.91,351.96,0.08333333333333348,0.07916666666666666,66,K,2026-06-27,DR Congo,Uzbekistan,dr congo,uzbekistan,0.5420266533836732,0.23291329012288056,0.22506005649344624
12,12,0,0.75,0.6666666666666666,0.08333333333333337,0.08333333333333333,0.08333333333333333,0.0,2.1666666666666665,2.4166666666666665,-0.25,0.4166666666666667,1.0,-0.5833333333333333,1.75,1.4166666666666667,0.33333333333333326,1,1,0,0,0,0,1.0,16.0,15.0,15.0,1.0,0.0625,0.9375,1,0,1,1,1,0,1050.84,945.18,105.65999999999997,0.33333333333333326,0.12916666666666668,67,L,2026-06-17,England,Croatia,england,croatia,0.482561923023728,0.20325434267205822,0.3141837343042137
12,12,0,0.3333333333333333,0.4166666666666667,-0.08333333333333337,0.16666666666666666,0.4166666666666667,-0.25,1.3333333333333333,1.6666666666666667,-0.3333333333333335,1.3333333333333333,1.4166666666666667,-0.08333333333333348,0.0,0.25,-0.25,1,1,0,0,0,0,32.0,31.0,-1.0,1.0,0.03125,0.03225806451612903,-0.0010080645161290314,0,0,0,0,0,0,623.69,571.17,52.520000000000095,-0.25,-0.15833333333333335,68,L,2026-06-17,Ghana,Panama,ghana,panama,0.434942448972792,0.25038457904591915,0.31467297198128885
12,12,0,0.75,0.3333333333333333,0.4166666666666667,0.08333333333333333,0.16666666666666666,-0.08333333333333333,2.1666666666666665,1.3333333333333333,0.8333333333333333,0.4166666666666667,1.3333333333333333,-0.9166666666666665,1.75,0.0,1.75,1,1,0,0,0,0,1.0,32.0,31.0,31.0,1.0,0.03125,0.96875,1,0,1,1,0,1,1050.84,623.69,427.14999999999986,1.7499999999999998,0.65,69,L,2026-06-23,England,Ghana,england,ghana,0.7088624426255863,0.18845154688501686,0.1026860104893968
12,12,0,0.6666666666666666,0.4166666666666667,0.24999999999999994,0.08333333333333333,0.4166666666666667,-0.33333333333333337,2.4166666666666665,1.6666666666666667,0.7499999999999998,1.0,1.4166666666666667,-0.41666666666666674,1.4166666666666667,0.25,1.1666666666666667,1,1,0,0,0,0,16.0,31.0,15.0,15.0,0.0625,0.03225806451612903,0.03024193548387097,0,0,0,1,0,1,945.18,571.17,374.01,1.1666666666666665,0.3625,70,L,2026-06-23,Croatia,Panama,croatia,panama,0.5938284123191675,0.21702432667157892,0.18914726100925355
12,12,0,0.4166666666666667,0.75,-0.3333333333333333,0.4166666666666667,0.08333333333333333,0.33333333333333337,1.6666666666666667,2.1666666666666665,-0.4999999999999998,1.4166666666666667,0.4166666666666667,1.0,0.25,1.75,-1.5,1,1,0,0,0,0,31.0,1.0,-30.0,30.0,0.03225806451612903,1.0,-0.967741935483871,0,1,-1,0,1,-1,571.17,1050.84,-479.66999999999996,-1.4999999999999998,-0.4916666666666667,71,L,2026-06-27,Panama,England,panama,england,0.16526520421207735,0.23235974209450486,0.6023750536934178
12,12,0,0.6666666666666666,0.3333333333333333,0.3333333333333333,0.08333333333333333,0.16666666666666666,-0.08333333333333333,2.4166666666666665,1.3333333333333333,1.0833333333333333,1.0,1.3333333333333333,-0.33333333333333326,1.4166666666666667,0.0,1.4166666666666667,1,1,0,0,0,0,16.0,32.0,16.0,16.0,0.0625,0.03125,0.03125,0,0,0,1,0,1,945.18,623.69,321.4899999999999,1.4166666666666665,0.5208333333333334,72,L,2026-06-27,Croatia,Ghana,croatia,ghana,0.6598425820933447,0.18281842000486082,0.1573389979017946
